<beans xmlns="http://www.springframework.org/schema/beans"
	xmlns:context="http://www.springframework.org/schema/context" xmlns:p="http://www.springframework.org/schema/p"
	xmlns:aop="http://www.springframework.org/schema/aop" xmlns:tx="http://www.springframework.org/schema/tx"
	xmlns:xsi="http://www.w3.org/2001/XMLSchema-instance"
	xsi:schemaLocation="http://www.springframework.org/schema/beans http://www.springframework.org/schema/beans/spring-beans-4.0.xsd
	http://www.springframework.org/schema/context http://www.springframework.org/schema/context/spring-context-4.0.xsd
	http://www.springframework.org/schema/aop http://www.springframework.org/schema/aop/spring-aop-4.0.xsd http://www.springframework.org/schema/tx http://www.springframework.org/schema/tx/spring-tx-4.0.xsd
	http://www.springframework.org/schema/util http://www.springframework.org/schema/util/spring-util-4.0.xsd">
	
	<!-- 扫描包路径 -->
	<context:component-scan base-package="com.joniluo" />
	<!-- 使用spring自带的占位符替换功能 -->
	<bean
		class="org.springframework.beans.factory.config.PropertyPlaceholderConfigurer">
		<!-- 允许JVM参数覆盖 -->
		<property name="systemPropertiesModeName" value="SYSTEM_PROPERTIES_MODE_OVERRIDE" />
		<!-- 忽略没有找到的资源文件 -->
		<property name="ignoreResourceNotFound" value="true" />
		<!-- 配置资源文件 -->
		<property name="locations">
			<list>
				<value>classpath:jdbc.properties</value>
				<value>classpath:log4j.properties</value>
				<value>classpath:proxys.properties</value>
			</list>
		</property>
	</bean>
</beans>
