<!DOCTYPE generatorConfiguration
        PUBLIC "-//mybatis.org//DTD MyBatis Generator Configuration 1.0//EN"
        "http://mybatis.org/dtd/mybatis-generator-config_1_0.dtd">

<!--<generatorConfiguration>
    <properties resource="application-dev.properties"/>

    <context id="yangkong" targetRuntime="MyBatis3Simple" defaultModelType="flat">
        <property name="beginningDelimiter" value="`"/>
        <property name="endingDelimiter" value="`"/>

        <plugin type="tk.mybatis.mapper.generator.MapperPlugin">
            <property name="mappers" value="tk.mybatis.mapper.common.Mapper"/>
            <property name="caseSensitive" value="true"/>
        </plugin>

        <jdbcConnection driverClass="com.mysql.jdbc.Driver"
                        connectionURL="jdbc:mysql://47.98.214.162:3306/mdm01?useUnicode=true&amp;autoReconnect=true&amp;autoReconnectForPools=true&amp;characterEncoding=utf-8"
                        userId="lvdi_test"
                        password="lvdiZXCDEwqsx18">
        </jdbcConnection>

        <javaModelGenerator targetPackage="com.glcp.gsuper.myadmin.db.mdm.entity"
                            targetProject="src/main/java"/>

        <sqlMapGenerator targetPackage="mapper"
                         targetProject="src/main/resources/mybatis/mappers/mdm"/>

        <javaClientGenerator targetPackage="com.glcp.gsuper.myadmin.db.mdm.mapper"
                             targetProject="src/main/java"
                             type="XMLMAPPER"/>-->
<generatorConfiguration>
    <properties resource="application-dev.properties"/>

    <context id="yangkong" targetRuntime="MyBatis3Simple" defaultModelType="flat">
        <property name="beginningDelimiter" value="`"/>
        <property name="endingDelimiter" value="`"/>

        <plugin type="tk.mybatis.mapper.generator.MapperPlugin">
            <property name="mappers" value="tk.mybatis.mapper.common.Mapper"/>
            <property name="caseSensitive" value="true"/>
        </plugin>

        <jdbcConnection driverClass="${spring.datasource.driver-class-name}"
                        connectionURL="${spring.datasource.url}"
                        userId="${spring.datasource.username}"
                        password="${spring.datasource.password}">
        </jdbcConnection>

        <javaModelGenerator targetPackage="com.yumiao.usdttransfer.db.entity"
                            targetProject="src/main/java"/>

        <sqlMapGenerator targetPackage="mappers"
                         targetProject="src/main/resources/mybatis"/>

        <javaClientGenerator targetPackage="com.yumiao.usdttransfer.db.mapper"
                             targetProject="src/main/java"
                             type="XMLMAPPER"/>
        <table tableName="usdt_transfer_log">
            <generatedKey column="id" sqlStatement="JDBC"/>
        </table>
    </context>


</generatorConfiguration>